,Description,Column Name,Data Type,Count,# of Uniques,# of NaN,Smallest,Largest,Mean,Range,Sd,Min,25%,Median,75%,Max
0,The number of accounts on which the borrower is now delinquent.,acc_now_delinq,int64,1293361.0,8.0,0.0,[0 1 2 3 4],[ 3  4  5  6 14],0.006233371811891653,14.0,0.08511462875521007,0.0,0.0,0.0,0.0,14.0
1,Number of trades opened in past 24 months.,acc_open_past_24mths,int64,1293361.0,56.0,0.0,[0 1 2 3 4],[54 55 56 61 64],4.6464475115609645,64.0,3.183958264515695,0.0,2.0,4.0,6.0,64.0
2,The state provided by the borrower in the loan application,addr_state,object,1293361.0,51.0,0.0,['AK' 'AL' 'AR' 'AZ' 'CA'],['VT' 'WA' 'WI' 'WV' 'WY'],,,,,,,,
3,Balance to credit limit on all trades,all_util,float64,1293361.0,176.0,635452.0,[ 0.  1.  2.  3.  4.],[ 184.  185.  186.  198.  204.],59.63586605442394,204.0,20.306186336095163,0.0,46.0,61.0,74.0,204.0
4,The self-reported annual income provided by the borrower during registration.,annual_inc,float64,1293361.0,62577.0,0.0,[   0.    1.   50.  200.  250.],[  9500000.   9522972.   9550000.   9573072.  61000000.],78149.50223654573,61000000.0,90495.05253326689,0.0,47000.0,65000.0,93000.0,61000000.0
5,The combined self-reported annual income provided by the co-borrowers during registration,annual_inc_joint,float64,1293361.0,4542.0,1272841.0,[ 11000.  13470.  15850.  17200.  17950.],[  646000.   680000.   760000.  1050000.  1210000.],113747.16929093566,1199000.0,52559.09284599922,11000.0,80000.0,105000.0,137000.0,1210000.0
6,Indicates whether the loan is an individual application or a joint application with two co-borrowers,application_type,object,1293361.0,3.0,0.0,['DIRECT_PAY' 'INDIVIDUAL' 'JOINT'],['DIRECT_PAY' 'INDIVIDUAL' 'JOINT'],,,,,,,,
7,Average current balance of all accounts,avg_cur_bal,float64,1293361.0,76440.0,8.0,[ 0.  1.  2.  3.  4.],[ 478909.  497484.  555925.  710392.  752994.],13395.457255675752,752994.0,16046.023884513845,0.0,3168.0,7420.0,18500.0,752994.0
8,Total open to buy on revolving bankcards.,bc_open_to_buy,float64,1293361.0,74178.0,13171.0,[ 0.  1.  2.  3.  4.],[ 366127.  373005.  454843.  559912.  711140.],10094.796872339262,711140.0,15155.390981543726,0.0,1482.0,4717.0,12286.0,711140.0
9,Ratio of total current balance to high credit/credit limit for all bankcard accounts.,bc_util,float64,1293361.0,1453.0,13892.0,[ 0.   0.1  0.2  0.3  0.4],[ 235.3  243.8  252.3  255.2  318.2],60.64900478246028,318.2,27.786483332025067,0.0,39.5,63.7,85.1,318.2
10,Number of charge-offs within 12 months,chargeoff_within_12_mths,int64,1293361.0,11.0,0.0,[0 1 2 3 4],[ 6  7  8  9 10],0.009813192140477408,10.0,0.11314543230538715,0.0,0.0,0.0,0.0,10.0
11,post charge off collection fee,collection_recovery_fee,float64,1293361.0,55238.0,0.0,[ 0.      0.2235  0.539   0.7193  0.8227],[ 5386.293       5582.26919998  6022.341       6059.94120001  6687.6228    ],14.273157790592517,6687.6228,94.28007720133076,0.0,0.0,0.0,0.0,6687.6228
12,Number of collections in 12 months excluding medical collections,collections_12_mths_ex_med,int64,1293361.0,16.0,0.0,[0 1 2 3 4],[11 12 14 16 20],0.020226371446177827,20.0,0.16012284525630419,0.0,0.0,0.0,0.0,20.0
13,The number of 30+ days past-due incidences of delinquency in the borrower's credit file for the past 2 years,delinq_2yrs,int64,1293361.0,30.0,0.0,[0 1 2 3 4],[27 29 30 39 42],0.35216308517111616,42.0,0.9327734124892941,0.0,0.0,0.0,0.0,42.0
14,The past-due amount owed for the accounts on which the borrower is now delinquent.,delinq_amnt,int64,1293361.0,2232.0,0.0,[0 1 2 3 4],[110626 112524 130778 159177 185408],17.288250534846807,185408.0,849.0418469382786,0.0,0.0,0.0,0.0,185408.0
15,Loan description provided by the borrower,desc,object,1293361.0,14893.0,1278014.0,"[' '
 '  Borrower added on 01/01/14 > CONSOLIDATE CREDIT CARD DEBT TO ONE PAYMENT<br>'
 '  Borrower added on 01/01/14 > Consolidate credit card debt and fix my truck.<br>'
 '  Borrower added on 01/01/14 > Consolidate credit card debt<br>'
 '  Borrower added on 01/01/14 > Consolidating all my debt<br>']","[ 'Well, I am a 44 year old with a family of 5 children (oldest just enlisted in the service) and  good stable job, earning about $85,000 per year. I have two large accounts with a major lender, and a good payment history, yet their interest rate is 18% and 13% respectively on my accounts and i am currently paying a little over $400 a month in interest ALONE. Credit score at or near 700. I am looking for some reprieve from these high interest rates and look forward to becoming debt free ASAP. I asked the lending institiution and their solution would send my credit score in the tank. I appreciate all your time effort and energy on my behalf.'
 'Would like to pay off 4 small credit cards that have interest rates and other charges that keep escalating.'
 'Would like to pay off Lowes card with a better interest rate than 19.99%, the current interest rate on the card.'
 'i recently proposed to my girlfriend of almost 8 yrs now and everything was going well untill our pug (ody) the middle of my three dogs started limping around and stumbling all the time. well come to find out he has a tumor on his spine. not very good news for us as our dogs are pretty much our children. so the reason for my loan request is the money i spent on the engagement ring was most of my savings and then i had to take out paydayloans loans for the mylogram bill, wich is similar to an MRI. $2,700 along with meds, visits etc. well as we all know paydayloans are very high intrest and a pain to try and payback and still stay on top of regular monthly bills. they are taking a toll on me mentally and physically, falling behind on all bills except mortgage. i would use the loan to pay off all payday loans and to catch back up on bills. all was going so well and it now has taken a turn for the worst. if there is any one that can help it would be greatly appreciated, and i would pay the loan back as soon as possible. thank you very much for considering me.'
 'loan needed to send daughter to medical school. I would ike to use a portion for her tuition and consoidate my debts to make it affordabe. This has been her dream since she was 10']",,,,,,,,
16,"A ratio calculated using the borrower’s total monthly debt payments on the total debt obligations, excluding mortgage and the requested LC loan, divided by the borrower’s self-reported monthly income.",dti,float64,1293361.0,6472.0,173.0,[-1.    0.    0.01  0.02  0.03],[ 819.96  822.    844.8   886.77  999.  ],18.80093638357278,1000.0,10.113837183792054,-1.0,12.33,18.2,24.74,999.0
17,"A ratio calculated using the co-borrowers' total monthly payments on the total debt obligations, excluding mortgages and the requested LC loan, divided by the co-borrowers' combined self-reported monthly income",dti_joint,float64,1293361.0,3223.0,1272845.0,[ 0.13  0.32  0.43  0.67  0.68],[ 55.52  61.28  61.9   63.66  69.49],18.37958520179364,69.36,6.947344989043406,0.13,13.387500000000001,18.13,23.13,69.49
18,The month the borrower's earliest reported credit line was opened,earliest_cr_line,object,1293361.0,716.0,0.0,['Apr-1955' 'Apr-1958' 'Apr-1960' 'Apr-1961' 'Apr-1962'],['Sep-2009' 'Sep-2010' 'Sep-2011' 'Sep-2012' 'Sep-2013'],,,,,,,,
19,Employment length in years. Possible values are between 0 and 10 where 0 means less than one year and 10 means ten or more years. ,emp_length,object,1293361.0,12.0,0.0,['1 year' '10+ years' '2 years' '3 years' '4 years'],['7 years' '8 years' '9 years' '< 1 year' 'n/a'],,,,,,,,
20,The job title supplied by the Borrower when applying for the loan.*,emp_title,object,1293361.0,289961.0,79276.0,"[' ' ' \tAdv Mtr Proj Fld Rep' ' \tEmployee Strategies Manager'
 ' \tOFFICE MANAGER/MEDICAL ASSISTANT' '    Food Preparation Worker']","['{Owner}Truck Driver' '| Principal Business Solution Architect|'
 'Å\x9ar.  Technical Illustrator' '\u200bLicense Compliance Investigator'
 '\u200bSenior IT Field Support']",,,,,,,,
21,The upper boundary range the borrower’s FICO at loan origination belongs to.,fico_range_high,int64,1293361.0,38.0,0.0,[664 669 674 679 684],[829 834 839 844 850],698.5966632672548,186.0,30.83452002088314,664.0,674.0,689.0,714.0,850.0
22,The lower boundary range the borrower’s FICO at loan origination belongs to.,fico_range_low,int64,1293361.0,38.0,0.0,[660 665 670 675 680],[825 830 835 840 845],694.5965318267677,185.0,30.833876746963558,660.0,670.0,685.0,710.0,845.0
23,The total amount committed to that loan at that point in time.,funded_amnt,int64,1293361.0,1552.0,0.0,[1000 1025 1050 1075 1100],[39900 39925 39950 39975 40000],14921.117615267509,39000.0,8833.677964740045,1000.0,8000.0,13000.0,20000.0,40000.0
24,The total amount committed by investors for that loan at that point in time.,funded_amnt_inv,float64,1293361.0,1568.0,0.0,[ 775.  800.  900.  925.  950.],[ 39900.  39925.  39950.  39975.  40000.],14915.51249738071,39225.0,8830.841012791885,775.0,8000.0,13000.0,20000.0,40000.0
25,LC assigned loan grade,grade,object,1293361.0,7.0,0.0,['A' 'B' 'C' 'D' 'E'],['C' 'D' 'E' 'F' 'G'],,,,,,,,
26,"The home ownership status provided by the borrower during registration or obtained from the credit report. Our values are: RENT, OWN, MORTGAGE, OTHER",home_ownership,object,1293361.0,5.0,0.0,['ANY' 'MORTGAGE' 'NONE' 'OWN' 'RENT'],['ANY' 'MORTGAGE' 'NONE' 'OWN' 'RENT'],,,,,,,,
27,A unique LC assigned ID for the loan listing.,id,int64,1293361.0,1293361.0,0.0,[55716 56121 56705 57167 65104],[112438929 112439006 112441150 112441173 112441324],65255681.122301504,112385608.0,27953167.515274826,55716.0,43946976.0,67477462.0,88975355.0,112441324.0
28,Ratio of total current balance to high credit/credit limit on all install acct,il_util,float64,1293361.0,252.0,721894.0,[ 0.  1.  2.  3.  4.],[  353.   376.   464.   558.  1000.],70.32208333989539,1000.0,23.480191692680027,0.0,57.0,73.0,86.0,1000.0
29,"The initial listing status of the loan. Possible values are – W, F",initial_list_status,object,1293361.0,2.0,0.0,['f' 'w'],['f' 'w'],,,,,,,,
30,Number of personal finance inquiries,inq_fi,float64,1293361.0,29.0,635413.0,[ 0.  1.  2.  3.  4.],[ 24.  25.  27.  28.  48.],0.9607993336859448,48.0,1.4829576399256046,0.0,0.0,0.0,1.0,48.0
31,Number of credit inquiries in past 12 months,inq_last_12m,float64,1293361.0,39.0,635414.0,[ 0.  1.  2.  3.  4.],[ 34.  36.  38.  40.  49.],2.1254401950309068,49.0,2.4183090402778777,0.0,0.0,1.0,3.0,49.0
32,The number of inquiries in past 6 months (excluding auto and mortgage inquiries),inq_last_6mths,float64,1293361.0,7.0,1.0,[ 0.  1.  2.  3.  4.],[ 2.  3.  4.  5.  6.],0.5920648543329003,6.0,0.8929522573877572,0.0,0.0,0.0,1.0,6.0
33,The monthly payment owed by the borrower if the loan originates.,installment,float64,1293361.0,75351.0,0.0,[ 14.01  23.36  30.12  30.42  30.44],[ 1584.9   1587.23  1691.28  1715.42  1719.83],442.98431229192727,1705.82,259.7991736249838,14.01,255.04,378.59,585.74,1719.83
34,Interest Rate on the loan,int_rate,object,1293361.0,241.0,0.0,['  5.32%' '  5.93%' '  6.00%' '  6.03%' '  6.24%'],[' 30.79%' ' 30.84%' ' 30.89%' ' 30.94%' ' 30.99%'],,,,,,,,
35,The month which the loan was funded,issue_d,object,1293361.0,42.0,0.0,['Apr-2014' 'Apr-2015' 'Apr-2016' 'Apr-2017' 'Aug-2014'],['Oct-2015' 'Oct-2016' 'Sep-2014' 'Sep-2015' 'Sep-2016'],,,,,,,,
36,The most recent month LC pulled credit for this loan,last_credit_pull_d,object,1293361.0,45.0,53.0,['Apr-2014' 'Apr-2015' 'Apr-2016' 'Apr-2017' 'Aug-2014'],['Oct-2016' 'Sep-2014' 'Sep-2015' 'Sep-2016' 'Sep-2017'],,,,,,,,
37,The upper boundary range the borrower’s last FICO pulled belongs to.,last_fico_range_high,int64,1293361.0,72.0,0.0,[  0 499 504 509 514],[829 834 839 844 850],688.1050456910328,850.0,66.33012433913531,0.0,659.0,694.0,729.0,850.0
38,The lower boundary range the borrower’s last FICO pulled belongs to.,last_fico_range_low,int64,1293361.0,71.0,0.0,[  0 500 505 510 515],[825 830 835 840 845],678.5017060202063,845.0,96.23290961357101,0.0,655.0,690.0,725.0,845.0
39,Last total payment amount received,last_pymnt_amnt,float64,1293361.0,381297.0,0.0,[ 0.    0.01  0.02  0.03  0.04],[ 41418.34  41434.    41453.07  42005.2   42148.53],2963.4358447023646,42148.53,5780.519283122051,0.0,295.07,505.97,1356.12,42148.53
40,Last month payment was received,last_pymnt_d,object,1293361.0,44.0,1191.0,['Apr-2014' 'Apr-2015' 'Apr-2016' 'Apr-2017' 'Aug-2014'],['Oct-2016' 'Sep-2014' 'Sep-2015' 'Sep-2016' 'Sep-2017'],,,,,,,,
41,"The listed amount of the loan applied for by the borrower. If at some point in time, the credit department reduces the loan amount, then it will be reflected in this value.",loan_amnt,int64,1293361.0,1552.0,0.0,[1000 1025 1050 1075 1100],[39900 39925 39950 39975 40000],14921.139264288933,39000.0,8833.677457803888,1000.0,8000.0,13000.0,20000.0,40000.0
42,Current status of the loan,loan_status,object,1293361.0,7.0,0.0,['Charged Off' 'Current' 'Default' 'Fully Paid' 'In Grace Period'],"['Default' 'Fully Paid' 'In Grace Period' 'Late (16-30 days)'
 'Late (31-120 days)']",,,,,,,,
43,Maximum current balance owed on all revolving accounts,max_bal_bc,float64,1293361.0,29134.0,635413.0,[ 0.  1.  2.  3.  4.],[ 301210.  361299.  457521.  500000.  776843.],5815.7376874768215,776843.0,5550.574934601122,0.0,2398.0,4436.0,7520.0,776843.0
44,A unique LC assigned Id for the borrower member.,member_id,float64,1293361.0,0.0,1293361.0,[],[],,,,,,,,
45,Months since oldest bank installment account opened,mo_sin_old_il_acct,float64,1293361.0,532.0,36376.0,[ 0.  1.  2.  3.  4.],[ 686.  687.  720.  724.  808.],127.19306992525766,808.0,52.39516157801081,0.0,100.0,130.0,153.0,808.0
46,Months since oldest revolving account opened,mo_sin_old_rev_tl_op,int64,1293361.0,754.0,0.0,[1 2 3 4 5],[842 851 852 901 999],184.9031190827619,998.0,96.21236621927544,1.0,119.0,168.0,236.0,999.0
47,Months since most recent revolving account opened,mo_sin_rcnt_rev_tl_op,int64,1293361.0,290.0,0.0,[0 1 2 3 4],[343 345 372 373 438],13.455157531423941,438.0,16.99320911186575,0.0,4.0,8.0,16.0,438.0
48,Months since most recent account opened,mo_sin_rcnt_tl,int64,1293361.0,198.0,0.0,[0 1 2 3 4],[268 272 283 289 314],8.019702929035281,314.0,8.935122603108107,0.0,3.0,6.0,10.0,314.0
49,Number of mortgage accounts.,mort_acc,int64,1293361.0,43.0,0.0,[0 1 2 3 4],[45 47 51 52 61],1.638315211298315,61.0,1.9528522236456938,0.0,0.0,1.0,3.0,61.0
50,The number of months since the borrower's last delinquency.,mths_since_last_delinq,float64,1293361.0,158.0,622083.0,[ 0.  1.  2.  3.  4.],[ 176.  180.  188.  192.  195.],33.663663936550876,195.0,21.91019691330733,0.0,15.0,30.0,49.0,195.0
51,Months since most recent 90-day or worse rating,mths_since_last_major_derog,float64,1293361.0,174.0,922301.0,[ 0.  1.  2.  3.  4.],[ 180.  188.  192.  195.  197.],44.65847302323075,197.0,22.386864119946782,0.0,27.0,44.0,62.0,197.0
52,The number of months since the last public record.,mths_since_last_record,float64,1293361.0,122.0,1055081.0,[ 0.  1.  2.  3.  4.],[ 117.  118.  119.  120.  121.],67.91144032230989,121.0,25.816637692343605,0.0,51.0,69.0,85.0,121.0
53,Months since most recent installment accounts opened,mths_since_rcnt_il,float64,1293361.0,357.0,652920.0,[ 0.  1.  2.  3.  4.],[ 446.  484.  488.  503.  511.],21.31989519721567,511.0,26.309064276027875,0.0,7.0,13.0,24.0,511.0
54,Months since most recent bankcard account opened.,mths_since_recent_bc,float64,1293361.0,492.0,12446.0,[ 0.  1.  2.  3.  4.],[ 610.  611.  615.  616.  639.],24.428536632016957,639.0,31.90132883286834,0.0,6.0,13.0,29.0,639.0
55,Months since most recent bankcard delinquency,mths_since_recent_bc_dlq,float64,1293361.0,169.0,962098.0,[ 0.  1.  2.  3.  4.],[ 176.  186.  188.  189.  195.],38.92813565052541,195.0,22.83868323414877,0.0,20.0,37.0,58.0,195.0
56,Months since most recent inquiry.,mths_since_recent_inq,float64,1293361.0,26.0,135037.0,[ 0.  1.  2.  3.  4.],[ 21.  22.  23.  24.  25.],6.854008895611245,25.0,5.935103364382052,0.0,2.0,5.0,10.0,25.0
57,Months since most recent revolving delinquency.,mths_since_recent_revol_delinq,float64,1293361.0,166.0,827744.0,[ 0.  1.  2.  3.  4.],[ 174.  176.  180.  188.  197.],35.11557567700492,197.0,22.463381081071997,0.0,16.0,32.0,51.0,197.0
58,Next scheduled payment date,next_pymnt_d,object,1293361.0,5.0,505400.0,['Aug-2017' 'Jul-2017' 'Nov-2017' 'Oct-2017' 'Sep-2017'],['Aug-2017' 'Jul-2017' 'Nov-2017' 'Oct-2017' 'Sep-2017'],,,,,,,,
59,Number of accounts ever 120 or more days past due,num_accts_ever_120_pd,int64,1293361.0,41.0,0.0,[0 1 2 3 4],[36 38 39 42 51],0.5330004538562706,51.0,1.3704910102578673,0.0,0.0,0.0,0.0,51.0
60,Number of currently active bankcard accounts,num_actv_bc_tl,int64,1293361.0,38.0,0.0,[0 1 2 3 4],[33 35 36 46 47],3.709235085950481,47.0,2.3010558850058165,0.0,2.0,3.0,5.0,47.0
61,Number of currently active revolving trades,num_actv_rev_tl,int64,1293361.0,52.0,0.0,[0 1 2 3 4],[51 52 57 59 63],5.774731107556204,63.0,3.397943106601966,0.0,3.0,5.0,7.0,63.0
62,Number of satisfactory bankcard accounts,num_bc_sats,int64,1293361.0,55.0,0.0,[0 1 2 3 4],[55 57 61 63 71],4.769283285950326,71.0,3.0243734398745072,0.0,3.0,4.0,6.0,71.0
63,Number of bankcard accounts,num_bc_tl,int64,1293361.0,69.0,0.0,[0 1 2 3 4],[66 67 68 70 79],7.925429172520278,79.0,4.741612452774058,0.0,5.0,7.0,10.0,79.0
64,Number of installment accounts,num_il_tl,int64,1293361.0,116.0,0.0,[0 1 2 3 4],[131 132 140 150 159],8.61532781644104,159.0,7.444957912764738,0.0,4.0,7.0,11.0,159.0
65,Number of open revolving accounts,num_op_rev_tl,int64,1293361.0,76.0,0.0,[0 1 2 3 4],[76 77 79 83 91],8.340500448057426,91.0,4.648733176444524,0.0,5.0,7.0,11.0,91.0
66,Number of revolving accounts,num_rev_accts,float64,1293361.0,106.0,1.0,[ 2.  3.  4.  5.  6.],[ 108.  112.  113.  118.  128.],14.491290901218532,126.0,8.145322752463189,2.0,9.0,13.0,19.0,128.0
67,Number of revolving trades with balance >0,num_rev_tl_bal_gt_0,int64,1293361.0,48.0,0.0,[0 1 2 3 4],[43 44 45 47 59],5.7145452816344395,59.0,3.3000015064845134,0.0,3.0,5.0,7.0,59.0
68,Number of satisfactory accounts,num_sats,int64,1293361.0,86.0,0.0,[0 1 2 3 4],[84 85 87 90 97],11.802437989084254,97.0,5.615316359156783,0.0,8.0,11.0,15.0,97.0
69,Number of accounts currently 120 days past due (updated in past 2 months),num_tl_120dpd_2m,float64,1293361.0,6.0,58451.0,[ 0.  1.  2.  3.  4.],[ 1.  2.  3.  4.  6.],0.0009385299333554673,6.0,0.032344394784340584,0.0,0.0,0.0,0.0,6.0
70,Number of accounts currently 30 days past due (updated in past 2 months),num_tl_30dpd,int64,1293361.0,5.0,0.0,[0 1 2 3 4],[0 1 2 3 4],0.004107901815502401,4.0,0.06779889231009056,0.0,0.0,0.0,0.0,4.0
71,Number of accounts 90 or more days past due in last 24 months,num_tl_90g_dpd_24m,int64,1293361.0,28.0,0.0,[0 1 2 3 4],[26 29 30 39 42],0.0942405098035274,42.0,0.5260269250931932,0.0,0.0,0.0,0.0,42.0
72,Number of accounts opened in past 12 months,num_tl_op_past_12m,int64,1293361.0,33.0,0.0,[0 1 2 3 4],[28 29 30 31 32],2.142092578947409,32.0,1.8380664620404203,0.0,1.0,2.0,3.0,32.0
73,The number of open credit lines in the borrower's credit file.,open_acc,int64,1293361.0,86.0,0.0,[0 1 2 3 4],[84 86 88 90 97],11.853843590459276,97.0,5.633372418736767,0.0,8.0,11.0,15.0,97.0
74,Number of open trades in last 6 months,open_acc_6m,float64,1293361.0,19.0,635414.0,[ 0.  1.  2.  3.  4.],[ 14.  15.  16.  17.  18.],0.9727136076310098,18.0,1.1650732961324868,0.0,0.0,1.0,1.0,18.0
75,Number of installment accounts opened in past 12 months,open_il_12m,float64,1293361.0,19.0,635413.0,[ 0.  1.  2.  3.  4.],[ 14.  15.  20.  21.  25.],0.691685361153161,25.0,0.9381726424527872,0.0,0.0,0.0,1.0,25.0
76,Number of installment accounts opened in past 24 months,open_il_24m,float64,1293361.0,31.0,635413.0,[ 0.  1.  2.  3.  4.],[ 28.  30.  31.  39.  51.],1.5999410287743103,51.0,1.611356397133204,0.0,0.0,1.0,2.0,51.0
77,Number of currently active installment trades,open_il_6m,float64,1293361.0,50.0,635413.0,[ 0.  1.  2.  3.  4.],[ 47.  48.  53.  55.  57.],2.837868646154407,57.0,3.0536820725173963,0.0,1.0,2.0,3.0,57.0
78,Number of revolving trades opened in past 12 months,open_rv_12m,float64,1293361.0,29.0,635413.0,[ 0.  1.  2.  3.  4.],[ 24.  25.  26.  27.  28.],1.354275717837884,28.0,1.5277527873079544,0.0,0.0,1.0,2.0,28.0
79,Number of revolving trades opened in past 24 months,open_rv_24m,float64,1293361.0,49.0,635413.0,[ 0.  1.  2.  3.  4.],[ 45.  49.  53.  54.  60.],2.8686583134229453,60.0,2.6246270761785686,0.0,1.0,2.0,4.0,60.0
80,Remaining outstanding principal for total amount funded,out_prncp,float64,1293361.0,323782.0,0.0,[ 0.    0.02  0.06  0.07  0.09],[ 39335.53  39336.66  39657.79  39705.77  39825.  ],6063.97152322479,39825.0,7546.725141000004,0.0,0.0,3206.14,9942.07,39825.0
81,Remaining outstanding principal for portion of total amount funded by investors,out_prncp_inv,float64,1293361.0,338952.0,0.0,[ 0.    0.02  0.06  0.07  0.09],[ 39335.53  39336.66  39500.    39657.79  39705.77],6061.7590082657,39705.77,7544.347601143456,0.0,0.0,3204.91,9937.89,39705.77
82,Percent of trades never delinquent,pct_tl_nvr_dlq,float64,1293361.0,659.0,0.0,[ 0.   5.   5.9  6.7  7.1],[  99.1   99.2   99.3   99.4  100. ],93.81839579216282,100.0,9.071610447747922,0.0,90.9,97.4,100.0,100.0
83,Percentage of all bankcard accounts > 75% of limit.,percent_bc_gt_75,float64,1293361.0,255.0,13594.0,[ 0.    0.14  0.17  0.2   0.25],[  94.7   95.    95.5   95.8  100. ],45.59861402897492,100.0,36.048010549400615,0.0,12.5,44.4,75.0,100.0
84,"publicly available policy_code=1
new products not publicly available policy_code=2",policy_code,int64,1293361.0,1.0,0.0,[1],[1],1.0,0.0,0.0,1.0,1.0,1.0,1.0,1.0
85,Number of derogatory public records,pub_rec,int64,1293361.0,39.0,0.0,[0 1 2 3 4],[47 49 61 63 86],0.2432847441665552,86.0,0.658766810772787,0.0,0.0,0.0,0.0,86.0
86,Number of public record bankruptcies,pub_rec_bankruptcies,int64,1293361.0,12.0,0.0,[0 1 2 3 4],[ 7  8  9 11 12],0.13799163574593637,12.0,0.38963421625023587,0.0,0.0,0.0,0.0,12.0
87,A category provided by the borrower for the loan request. ,purpose,object,1293361.0,14.0,0.0,['car' 'credit_card' 'debt_consolidation' 'educational' 'home_improvement'],['other' 'renewable_energy' 'small_business' 'vacation' 'wedding'],,,,,,,,
88,Indicates if a payment plan has been put in place for the loan,pymnt_plan,object,1293361.0,2.0,0.0,['n' 'y'],['n' 'y'],,,,,,,,
89,post charge off gross recovery,recoveries,float64,1293361.0,52860.0,0.0,[ 0.    0.01  0.02  0.03  0.04],[ 31123.91  33457.45  33666.34  34740.39  37153.46],83.68835471298428,37153.46,541.0691555042451,0.0,0.0,0.0,0.0,37153.46
90,Total credit revolving balance,revol_bal,int64,1293361.0,86093.0,0.0,[0 1 2 3 4],[1298783 1630818 1698749 2560703 2904836],17094.422258750652,2904836.0,23470.720298420547,0.0,6233.0,11581.0,20622.0,2904836.0
91,"Revolving line utilization rate, or the amount of credit the borrower is using relative to all available revolving credit.",revol_util,object,1293361.0,1300.0,677.0,['0%' '0.1%' '0.2%' '0.3%' '0.4%'],['99.5%' '99.6%' '99.7%' '99.8%' '99.9%'],,,,,,,,
92,LC assigned loan subgrade,sub_grade,object,1293361.0,35.0,0.0,['A1' 'A2' 'A3' 'A4' 'A5'],['G1' 'G2' 'G3' 'G4' 'G5'],,,,,,,,
93,Number of tax liens,tax_liens,int64,1293361.0,37.0,0.0,[0 1 2 3 4],[45 46 61 63 85],0.06802895711251537,85.0,0.4540172126452456,0.0,0.0,0.0,0.0,85.0
94,The number of payments on the loan. Values are in months and can be either 36 or 60.,term,object,1293361.0,2.0,0.0,[' 36 months' ' 60 months'],[' 36 months' ' 60 months'],,,,,,,,
95,The loan title provided by the borrower,title,object,1293361.0,2071.0,23305.0,"[' 3 credit card pay off' ' CONSOLIDATION' ' Credit Card Refi'
 ' Debt restructure 101' ' Decrease monthly payments']","['winter' 'wmi3' 'working towards being debt free' 'worryfreelife'
 'zero debt']",,,,,,,,
96,Total collection amounts ever owed,tot_coll_amt,int64,1293361.0,13552.0,0.0,[0 2 3 4 5],[ 380757  496651  848438  932461 9152545],261.9565705166616,9152545.0,8374.735424713388,0.0,0.0,0.0,0.0,9152545.0
97,Total current balance of all accounts,tot_cur_bal,int64,1293361.0,403930.0,0.0,[0 1 2 3 4],[4127799 4447397 5172185 5445012 8524709],142459.09624845654,8524709.0,158624.9210353589,0.0,30397.0,81369.0,211793.0,8524709.0
98,Total high credit/credit limit,tot_hi_cred_lim,int64,1293361.0,432706.0,0.0,[  0 200 300 500 600],[5369659 5915440 8700253 9375662 9999999],176578.2475681577,9999999.0,179457.74793825435,0.0,50910.0,114012.0,254591.0,9999999.0
99,The total number of credit lines currently in the borrower's credit file,total_acc,int64,1293361.0,143.0,0.0,[2 3 4 5 6],[160 162 169 173 176],25.005269990358453,174.0,12.015638008497815,2.0,16.0,23.0,32.0,176.0
100,Total credit balance excluding mortgage,total_bal_ex_mort,int64,1293361.0,182979.0,0.0,[0 1 2 3 4],[1771306 1783254 2652799 2688920 2921551],51763.25613421156,2921551.0,49276.832608227094,0.0,21903.0,38836.0,65152.0,2921551.0
101,Total current balance of all installment accounts,total_bal_il,float64,1293361.0,126858.0,635413.0,[ 0.  1.  2.  3.  4.],[  976875.  1044916.  1062286.  1267131.  1547285.],35722.933186209244,1547285.0,43016.328258838286,0.0,9404.0,23698.0,46386.0,1547285.0
102,Total bankcard high credit/credit limit,total_bc_limit,int64,1293361.0,9718.0,0.0,[  0 100 200 250 251],[ 719500  760000  834300 1090700 1105500],22034.094838177432,1105500.0,21933.219288516924,0.0,7900.0,15400.0,28700.0,1105500.0
103,Number of finance trades,total_cu_tl,float64,1293361.0,61.0,635414.0,[ 0.  1.  2.  3.  4.],[  68.   71.   77.   79.  111.],1.4862625713013358,111.0,2.700882018908813,0.0,0.0,0.0,2.0,111.0
104,Total installment high credit/credit limit,total_il_high_credit_limit,int64,1293361.0,166937.0,0.0,[  0  36  75  95 100],[1269783 1285625 1349413 2000000 2101913],43789.89235565322,2101913.0,44404.011510808545,0.0,15500.0,33006.0,58660.0,2101913.0
105,Payments received to date for total amount funded,total_pymnt,float64,1293361.0,832470.0,0.0,[  0.     4.    10.    11.32  16.61],"[ 56822.03350277  56833.40790087  57821.03825251  57958.69252864
  58235.73059456]",10037.191108861953,58235.7305945584,8602.41656278263,0.0,3613.19,7558.45,13790.858140543001,58235.7305945584
106,Payments received to date for portion of total amount funded by investors,total_pymnt_inv,float64,1293361.0,778462.0,0.0,[  0.     4.    10.    11.32  16.61],[ 56822.03  56833.41  57697.14  57958.69  58235.73],10033.411415551844,58235.73,8599.51286410563,0.0,3611.7,7556.15,13785.2,58235.73
107,Interest received to date,total_rec_int,float64,1293361.0,448737.0,0.0,[ 0.    0.01  0.07  0.12  0.19],[ 24189.42  24484.57  24583.06  24704.18  25216.12],2145.804036637896,25216.12,2252.913845478409,0.0,666.6,1399.33,2808.35,25216.12
108,Late fees received to date,total_rec_late_fee,float64,1293361.0,7057.0,0.0,"[ -1.71000000e-08  -1.36000000e-08  -9.50000000e-09  -5.20000000e-09
  -5.10000000e-09]",[ 396.54  402.03  456.72  523.08  813.41],0.8229200703679347,813.4100000171,6.8756210339135855,-1.71e-08,0.0,0.0,0.0,813.41
109,Principal received to date,total_rec_prncp,float64,1293361.0,361369.0,0.0,[  0.     2.13   5.62  10.07  16.37],[ 39775.  39900.  39950.  39975.  40000.],7806.875795582183,40000.0,7454.671546896274,0.0,2358.21,5352.74,10590.03,40000.0
110,Total revolving high credit/credit limit,total_rev_hi_lim  ,,,,,,,,,,,,,,
111,URL for the LC page with listing data.,url,object,1293361.0,1293361.0,0.0,"['https://lendingclub.com/browse/loanDetail.action?loan_id=100001133'
 'https://lendingclub.com/browse/loanDetail.action?loan_id=100001137'
 'https://lendingclub.com/browse/loanDetail.action?loan_id=100001142'
 'https://lendingclub.com/browse/loanDetail.action?loan_id=100001158'
 'https://lendingclub.com/browse/loanDetail.action?loan_id=100001163']","['https://lendingclub.com/browse/loanDetail.action?loan_id=99997705'
 'https://lendingclub.com/browse/loanDetail.action?loan_id=99997727'
 'https://lendingclub.com/browse/loanDetail.action?loan_id=99997737'
 'https://lendingclub.com/browse/loanDetail.action?loan_id=99997746'
 'https://lendingclub.com/browse/loanDetail.action?loan_id=99997759']",,,,,,,,
112,"Indicates if income was verified by LC, not verified, or if the income source was verified",verification_status,object,1293361.0,3.0,0.0,['Not Verified' 'Source Verified' 'Verified'],['Not Verified' 'Source Verified' 'Verified'],,,,,,,,
113,"Indicates if the co-borrowers' joint income was verified by LC, not verified, or if the income source was verified",verified_status_joint,,,,,,,,,,,,,,
114,The first 3 numbers of the zip code provided by the borrower in the loan application.,zip_code,object,1293361.0,946.0,1.0,['007xx' '008xx' '009xx' '010xx' '011xx'],['995xx' '996xx' '997xx' '998xx' '999xx'],,,,,,,,
115," Sum of revolving credit balance of the co-borrowers, net of duplicate balances",revol_bal_joint ,,,,,,,,,,,,,,
116, FICO range (high) for the secondary applicant,sec_app_fico_range_low ,,,,,,,,,,,,,,
117, FICO range (low) for the secondary applicant,sec_app_fico_range_high ,,,,,,,,,,,,,,
118, Earliest credit line at time of application for the secondary applicant,sec_app_earliest_cr_line ,,,,,,,,,,,,,,
119, Credit inquiries in the last 6 months at time of application for the secondary applicant,sec_app_inq_last_6mths ,,,,,,,,,,,,,,
120, Number of mortgage accounts at time of application for the secondary applicant,sec_app_mort_acc ,,,,,,,,,,,,,,
121, Number of open trades at time of application for the secondary applicant,sec_app_open_acc ,,,,,,,,,,,,,,
122, Ratio of total current balance to high credit/credit limit for all revolving accounts,sec_app_revol_util ,,,,,,,,,,,,,,
123, Number of currently active installment trades at time of application for the secondary applicant,sec_app_open_il_6m ,,,,,,,,,,,,,,
124, Number of revolving accounts at time of application for the secondary applicant,sec_app_num_rev_accts ,,,,,,,,,,,,,,
125, Number of charge-offs within last 12 months at time of application for the secondary applicant,sec_app_chargeoff_within_12_mths ,,,,,,,,,,,,,,
126, Number of collections within last 12 months excluding medical collections at time of application for the secondary applicant,sec_app_collections_12_mths_ex_med ,,,,,,,,,,,,,,
127, Months since most recent 90-day or worse rating at time of application for the secondary applicant,sec_app_mths_since_last_major_derog ,,,,,,,,,,,,,,
128,,,,,,,,,,,,,,,,
129,* Employer Title replaces Employer Name for all loans listed after 9/23/2013,,,,,,,,,,,,,,,
130,,verification_status_joint,object,1293361.0,3.0,1272841.0,['Not Verified' 'Source Verified' 'Verified'],['Not Verified' 'Source Verified' 'Verified'],,,,,,,,
131,,total_rev_hi_lim,int64,1293361.0,22301.0,0.0,[  0 100 200 300 400],[1629000 1641300 1652700 2175000 9999999],33533.42501900088,9999999.0,36375.87805116502,0.0,14300.0,24600.0,41600.0,9999999.0
132,,revol_bal_joint,float64,1293361.0,7335.0,1285530.0,[   0.   18.   63.  150.  195.],[ 177407.  183181.  184999.  188304.  219950.],29083.84088877538,219950.0,21252.013156037392,0.0,14101.0,24017.0,37952.5,219950.0
133,,sec_app_fico_range_low,float64,1293361.0,59.0,1285530.0,[ 540.  545.  550.  555.  560.],[ 810.  815.  820.  825.  830.],667.626101391904,290.0,40.67489274391079,540.0,645.0,665.0,690.0,830.0
134,,sec_app_fico_range_high,float64,1293361.0,59.0,1285530.0,[ 544.  549.  554.  559.  564.],[ 814.  819.  824.  829.  834.],671.626101391904,290.0,40.67489274391079,544.0,649.0,669.0,694.0,834.0
135,,sec_app_earliest_cr_line,object,1293361.0,502.0,1285530.0,['Apr-1970' 'Apr-1972' 'Apr-1973' 'Apr-1974' 'Apr-1977'],['Sep-2012' 'Sep-2013' 'Sep-2014' 'Sep-2015' 'Sep-2016'],,,,,,,,
136,,sec_app_inq_last_6mths,float64,1293361.0,7.0,1285530.0,[ 0.  1.  2.  3.  4.],[ 2.  3.  4.  5.  6.],0.6243136253352062,6.0,0.9679889678382362,0.0,0.0,0.0,1.0,6.0
137,,sec_app_mort_acc,float64,1293361.0,15.0,1285530.0,[ 0.  1.  2.  3.  4.],[ 10.  11.  12.  13.  15.],1.6821606435959648,15.0,1.7659290675189787,0.0,0.0,1.0,3.0,15.0
138,,sec_app_open_acc,float64,1293361.0,47.0,1285530.0,[ 0.  1.  2.  3.  4.],[ 43.  44.  45.  46.  57.],11.33086451283361,57.0,6.3352863498839085,0.0,7.0,10.0,14.0,57.0
139,,sec_app_revol_util,float64,1293361.0,1013.0,1285613.0,[ 0.   0.1  0.2  0.3  0.8],[ 120.7  124.8  127.2  129.1  129.7],60.34206246773341,129.7,23.997493419947013,0.0,43.475,62.6,79.2,129.7
140,,sec_app_open_il_6m,float64,1293361.0,33.0,1285530.0,[ 0.  1.  2.  3.  4.],[ 28.  29.  30.  33.  39.],2.8937555867705274,39.0,3.329875690387598,0.0,1.0,2.0,3.0,39.0
141,,sec_app_num_rev_accts,float64,1293361.0,62.0,1285530.0,[ 0.  1.  2.  3.  4.],[ 64.  65.  69.  84.  90.],12.521644745243265,90.0,7.831038884769732,0.0,7.0,11.0,16.0,90.0
142,,sec_app_chargeoff_within_12_mths,float64,1293361.0,6.0,1285530.0,[ 0.  1.  2.  3.  4.],[ 1.  2.  3.  4.  6.],0.02681649853147746,6.0,0.21690041482209044,0.0,0.0,0.0,0.0,6.0
143,,sec_app_collections_12_mths_ex_med,float64,1293361.0,6.0,1285530.0,[ 0.  1.  2.  3.  4.],[  1.   2.   3.   4.  10.],0.06870131528540416,10.0,0.32183991570031556,0.0,0.0,0.0,0.0,10.0
144,,sec_app_mths_since_last_major_derog,float64,1293361.0,103.0,1290671.0,[ 0.  1.  2.  3.  4.],[ 108.  114.  115.  119.  136.],38.63271375464684,136.0,23.399716166949045,0.0,19.0,38.0,57.0,136.0
145,,hardship_flag,object,1293361.0,2.0,0.0,['N' 'Y'],['N' 'Y'],,,,,,,,
146,,hardship_type,object,1293361.0,1.0,1289611.0,['INTEREST ONLY-3 MONTHS DEFERRAL'],['INTEREST ONLY-3 MONTHS DEFERRAL'],,,,,,,,
147,,hardship_reason,object,1293361.0,9.0,1289611.0,"['DISABILITY' 'DIVORCE' 'EXCESSIVE_OBLIGATIONS' 'FAMILY_DEATH'
 'INCOME_CURTAILMENT']","['INCOME_CURTAILMENT' 'MEDICAL' 'NATURAL_DISASTER' 'REDUCED_HOURS'
 'UNEMPLOYMENT']",,,,,,,,
148,,hardship_status,object,1293361.0,3.0,1289611.0,['ACTIVE' 'BROKEN' 'COMPLETED'],['ACTIVE' 'BROKEN' 'COMPLETED'],,,,,,,,
149,,deferral_term,float64,1293361.0,1.0,1289611.0,[ 3.],[ 3.],3.0,0.0,0.0,3.0,3.0,3.0,3.0,3.0
150,,hardship_amount,float64,1293361.0,3462.0,1289611.0,[ 0.64  2.69  3.73  3.76  4.09],[ 713.31  724.57  735.19  742.9   754.03],152.5022986666667,753.39,121.06821491225223,0.64,59.07,122.005,211.8975,754.03
151,,hardship_start_date,object,1293361.0,9.0,1289611.0,['Apr-2017' 'Aug-2017' 'Feb-2017' 'Jan-2017' 'Jul-2017'],['Jul-2017' 'Jun-2017' 'Mar-2017' 'May-2017' 'Sep-2017'],,,,,,,,
152,,hardship_end_date,object,1293361.0,10.0,1289611.0,['Apr-2017' 'Aug-2017' 'Dec-2017' 'Jul-2017' 'Jun-2017'],['Mar-2017' 'May-2017' 'Nov-2017' 'Oct-2017' 'Sep-2017'],,,,,,,,
153,,payment_plan_start_date,object,1293361.0,9.0,1289611.0,['Apr-2017' 'Aug-2017' 'Feb-2017' 'Jul-2017' 'Jun-2017'],['Jun-2017' 'Mar-2017' 'May-2017' 'Oct-2017' 'Sep-2017'],,,,,,,,
154,,hardship_length,float64,1293361.0,1.0,1289611.0,[ 3.],[ 3.],3.0,0.0,0.0,3.0,3.0,3.0,3.0,3.0
155,,hardship_dpd,float64,1293361.0,31.0,1289611.0,[ 0.  3.  4.  5.  6.],[ 28.  29.  30.  31.  32.],9.916533333333334,32.0,10.326425777297844,0.0,0.0,8.0,19.0,32.0
156,,hardship_loan_status,object,1293361.0,4.0,1289611.0,['Current' 'In Grace Period' 'Late (16-30 days)' 'Late (31-120 days)'],['Current' 'In Grace Period' 'Late (16-30 days)' 'Late (31-120 days)'],,,,,,,,
157,,orig_projected_additional_accrued_interest,float64,1293361.0,3130.0,1289990.0,[  1.92  11.19  11.28  12.27  14.31],[ 2139.93  2173.71  2205.57  2228.7   2262.09],452.8860516167287,2260.17,361.4201576359877,1.92,175.03500000000003,362.37,625.9649999999999,2262.09
158,,hardship_payoff_balance_amount,float64,1293361.0,3743.0,1289611.0,[  55.73  239.79  414.3   471.38  474.49],[ 36344.87  36605.83  36734.04  37657.18  38390.38],11814.083256000024,38334.649999999994,7437.739052146489,55.73,5905.655000000001,10575.515,16263.89,38390.38
159,,hardship_last_payment_amount,float64,1293361.0,3132.0,1289611.0,[ 0.01  0.02  0.03  0.04  0.05],[ 1175.63  1187.56  1223.33  1247.48  1275.36],189.43860800000024,1275.35,204.3919227376097,0.01,19.917499999999997,127.42,297.105,1275.36
